"Account Owner","Account Name","Type","Rating","Last Activity","Last Modified Date","Billing State/Province"
"Johnny Green","Butler152 Inc","Partner","","","11/6/2017","HI"
"Bruce Kennedy","Miles153 Inc","Partner","","","11/6/2017",""
"Julie Chavez","Mann154 Inc","Customer","","","11/6/2017",""
"Bruce Kennedy","Reyes155 Inc","Customer","","","11/6/2017",""
"Eric Sanchez","Fletcher157 Inc","Customer","","","11/6/2017",""
"Kelly Frazier","Parsons158 Inc","Partner","","","11/6/2017",""
"Kelly Frazier","Flores159 Inc","Customer","","","11/6/2017",""
"Bruce Kennedy","Shaw160 Inc","Customer","","","11/6/2017",""
"Eric Gutierrez","Dawson161 Inc","Customer","","","11/6/2017",""
"Dennis Howard","McCarthy162 Inc","Partner","","11/30/2017","11/6/2017",""
"Eric Sanchez","Nguyen156 Inc","Customer","","11/23/2017","11/6/2017",""
"Evelyn Williamson","Lopez363 Inc","Customer","","","11/6/2017",""
"Johnny Green","Ross364 Inc","Customer","","","11/6/2017",""
"Harold Campbell","Luna365 Inc","Partner","","","11/6/2017","WV"
"Bruce Kennedy","Moreno366 Inc","Customer","","","11/6/2017","NY"
"Harold Campbell","Clarke367 Inc","Customer","","","11/6/2017",""
"John Williams","Dunn368 Inc","Customer","","","11/6/2017","ID"
"Bruce Kennedy","Coleman369 Inc","Customer","","","11/6/2017","CO"
"Laura Palmer","Beck370 Inc","Customer","","","11/6/2017",""
"Bruce Kennedy","Dennis371 Inc","Customer","","","11/6/2017",""
"Bruce Kennedy","Abbott372 Inc","Partner","","","11/6/2017","HI"
"Nicolas Weaver","Duncan373 Inc","Partner","","","11/6/2017",""
"Johnny Green","Fuller374 Inc","Customer","","","11/6/2017","DE"
"Catherine Brown","Klein375 Inc","Customer","","","11/6/2017","UT"
"Laura Palmer","Dixon376 Inc","Customer","","","11/6/2017","NH"
"Irene McCoy","Rivera377 Inc","Partner","","","11/6/2017",""
"Johnny Green","Armstrong378 Inc","Customer","","","11/6/2017","NE"
"Eric Sanchez","Banks379 Inc","Partner","","","11/6/2017",""
"Dennis Howard","Nash380 Inc","Customer","","","11/6/2017",""
"Dennis Howard","Webb381 Inc","Customer","","","11/6/2017",""
"Kelly Frazier","Robinson382 Inc","Partner","","","11/6/2017",""
"Julie Chavez","Houston383 Inc","Customer","","","11/6/2017","CT"
"Eric Gutierrez","Rios384 Inc","Partner","","10/12/2017","11/6/2017",""
"Kelly Frazier","Rivera385 Inc","Customer","","","11/6/2017",""
"Catherine Brown","Frank124 Inc","Partner","","","11/6/2017",""
"Johnny Green","Burke125 Inc","Customer","","","11/6/2017",""
"Kelly Frazier","Bates126 Inc","Partner","","","11/6/2017",""
"Eric Gutierrez","Greer122 Inc","Customer","","","11/6/2017",""
"Julie Chavez","Stewart123 Inc","Partner","","","11/6/2017",""
"Johnny Green","Nash127 Inc","Customer","","","11/6/2017",""
"Laura Garza","Morton128 Inc","Customer","","12/10/2017","11/6/2017",""
"Nicolas Weaver","Cruz129 Inc","Customer","","","11/6/2017",""
"Dennis Howard","Jennings130 Inc","Customer","","","11/6/2017",""
"Evelyn Williamson","Rodgers131 Inc","Customer","","","11/6/2017",""
"Dennis Howard","Cobb132 Inc","Customer","","","11/6/2017",""
"Evelyn Williamson","Johnston133 Inc","Customer","","","11/6/2017","OR"
"Laura Palmer","Nichols134 Inc","Customer","","11/6/2017","11/6/2017","AZ"
"Laura Garza","Larson135 Inc","Customer","","","11/6/2017",""
"Eric Sanchez","Thompson136 Inc","Customer","","11/17/2017","11/6/2017",""
"Dennis Howard","Ramirez137 Inc","Customer","","11/13/2017","11/6/2017",""
"Irene Kelley","Peters138 Inc","Customer","","","11/6/2017",""
"John Williams","Pope139 Inc","Partner","","10/4/2017","11/6/2017","KY"
"Kelly Frazier","Lopez140 Inc","Customer","","11/5/2017","11/6/2017",""
"John Williams","Daniels141 Inc","Customer","","11/5/2017","11/6/2017",""
"Nicolas Weaver","Underwood142 Inc","Customer","","11/8/2017","11/6/2017","NJ"
"Chris Riley","McKenzie143 Inc","Customer","","","11/6/2017",""
"Eric Sanchez","Quinn144 Inc","Customer","","","11/6/2017",""
"Bruce Kennedy","Newman145 Inc","Customer","","12/1/2017","11/6/2017","MS"
"Nicolas Weaver","Knight146 Inc","Customer","","11/3/2017","11/6/2017","CT"
"Evelyn Williamson","Graves147 Inc","Customer","","11/18/2017","11/6/2017","CO"
"Irene McCoy","Thomas148 Inc","Customer","","","11/6/2017",""
"Irene Kelley","Colon149 Inc","Partner","","","11/6/2017",""
"John Williams","Salazar150 Inc","Customer","","11/27/2017","11/6/2017",""
"Laura Garza","McGuire151 Inc","Customer","","","11/6/2017",""
"Santosh Chitalkar","Dean","","","","12/25/2017",""
"Harold Campbell","Norton781 Inc","Customer","","","11/6/2017","MT"
"Doroth Gardner","Morgan782 Inc","Customer","","","11/6/2017","SD"
"Dennis Howard","Ingram783 Inc","Partner","","","11/6/2017",""
"Eric Gutierrez","Palmer784 Inc","Customer","","","11/6/2017","MS"
"Harold Campbell","Peters785 Inc","Partner","","11/3/2017","11/6/2017",""
"Evelyn Williamson","Hunt786 Inc","Customer","","","11/6/2017",""
"Dennis Howard","Medina787 Inc","Partner","","","11/6/2017",""
"Eric Gutierrez","French788 Inc","Customer","","","11/6/2017",""
"Johnny Green","Underwood789 Inc","Partner","","","11/6/2017",""
"Eric Gutierrez","Keller1 Inc","Partner","","10/30/2017","11/6/2017","ND"
"Doroth Gardner","Herrera2 Inc","Customer","","10/25/2017","11/6/2017","AR"
"Julie Chavez","Burgess3 Inc","Customer","","","11/6/2017",""
"Julie Chavez","Terry4 Inc","Partner","","","11/6/2017",""
"Dennis Howard","Robertson5 Inc","Partner","","11/7/2017","11/6/2017","AZ"
"Irene Kelley","Zimmerman6 Inc","Customer","","","11/6/2017",""
"Dennis Howard","Holmes7 Inc","Customer","","","11/6/2017",""
"Chris Riley","Roberson8 Inc","Customer","","","11/6/2017",""
"Nicolas Weaver","Jefferson9 Inc","Customer","","","11/6/2017",""
"Laura Palmer","Mendez10 Inc","Customer","","","11/6/2017","MT"
"Eric Sanchez","Graham11 Inc","Customer","","","11/6/2017",""
"Laura Palmer","Hardy12 Inc","Partner","","","11/6/2017","AR"
"Laura Garza","Harris13 Inc","Customer","","11/2/2017","11/6/2017",""
"Eric Gutierrez","Crawford14 Inc","Customer","","","11/6/2017",""
"John Williams","Hampton15 Inc","Customer","","9/23/2017","11/6/2017",""
"Julie Chavez","Parker16 Inc","Partner","","10/17/2017","11/6/2017","NC"
"Chris Riley","Johnston857 Inc","Customer","","","11/6/2017",""
"Julie Chavez","Cross858 Inc","Customer","","","11/6/2017","LA"
"Eric Sanchez","Jefferson859 Inc","Partner","","11/27/2017","11/6/2017",""
"Nicolas Weaver","Stone860 Inc","Customer","","","11/6/2017","SD"
"Julie Chavez","Murphy861 Inc","Partner","","11/17/2017","11/6/2017",""
"Catherine Brown","Rodgers862 Inc","Customer","","","11/6/2017","ND"
"Johnny Green","Payne863 Inc","Partner","","","11/6/2017",""
"Dennis Howard","Estrada864 Inc","Partner","","","11/6/2017","ND"
"Kelly Frazier","McDonald865 Inc","Customer","","","11/6/2017",""
"Irene Kelley","Tran866 Inc","Customer","","12/3/2017","11/6/2017",""
"Eric Sanchez","Riley867 Inc","Partner","","","11/6/2017",""
"Bruce Kennedy","Herrera868 Inc","Customer","","","11/6/2017",""
"Laura Garza","Joseph988 Inc","Customer","","11/10/2017","11/6/2017","DE"
"Chris Riley","Hogan989 Inc","Customer","","","11/6/2017","UT"
"Doroth Gardner","West990 Inc","Customer","","","11/6/2017",""
"Dennis Howard","Adams991 Inc","Customer","","","11/6/2017",""
"Kelly Frazier","Allison992 Inc","Partner","","11/4/2017","11/6/2017",""
"Laura Palmer","Singleton993 Inc","Customer","","","11/6/2017",""
"Chris Riley","Obrien994 Inc","Customer","","10/19/2017","11/6/2017","MN"
"Johnny Green","McKinney995 Inc","Customer","","","11/6/2017","MA"
"Nicolas Weaver","Hall996 Inc","Customer","","","11/6/2017",""
"Catherine Brown","Paul997 Inc","Partner","","","11/6/2017","NV"
"Julie Chavez","Curry998 Inc","Partner","","","11/6/2017",""
"Dennis Howard","Riley999 Inc","Customer","","10/29/2017","11/6/2017",""
"Bruce Kennedy","Alvarez72 Inc","Customer","","","11/6/2017",""
"Kelly Frazier","Garza17 Inc","Partner","","","11/6/2017","IN"
"Laura Palmer","Ferguson18 Inc","Partner","","","11/6/2017","NE"
"Evelyn Williamson","Bailey19 Inc","Customer","","","11/6/2017","MT"
"Johnny Green","Vega20 Inc","Customer","","","11/6/2017",""
"Irene Kelley","Goodman21 Inc","Customer","","","11/6/2017",""
"Harold Campbell","Austin22 Inc","Customer","","","11/6/2017","MD"
"Harold Campbell","Byrd23 Inc","Customer","","","11/6/2017","MT"
"Eric Sanchez","Lindsey24 Inc","Customer","","","11/6/2017",""
"Irene McCoy","Lopez215 Inc","Customer","","","11/6/2017",""
"Kelly Frazier","Tate216 Inc","Partner","","","11/6/2017","NV"
"Catherine Brown","Ingram217 Inc","Partner","","","11/6/2017","MA"
"Kelly Frazier","Lopez218 Inc","Customer","","","11/6/2017","RI"
"Bruce Kennedy","Becker219 Inc","Customer","","","11/6/2017",""
"Bruce Kennedy","Cummings220 Inc","Customer","","","11/6/2017","IL"
"Johnny Green","Harmon221 Inc","Customer","","","11/6/2017","HI"
"Harold Campbell","Singleton222 Inc","Customer","","","11/6/2017","WY"
"Julie Chavez","Barber223 Inc","Customer","","","11/6/2017",""
"Bruce Kennedy","Silva224 Inc","Customer","","","11/6/2017",""
"Laura Garza","Delgado225 Inc","Partner","","","11/6/2017",""
"Dennis Howard","Simmons226 Inc","Customer","","","11/6/2017",""
"Kelly Frazier","Gomez227 Inc","Customer","","","11/6/2017",""
"Julie Chavez","Martinez228 Inc","Customer","","","11/6/2017","MA"
"Dennis Howard","Vaughn229 Inc","Partner","","","11/6/2017","MS"
"Dennis Howard","Hall230 Inc","Partner","","9/15/2017","11/6/2017","OH"
"Johnny Green","Parks231 Inc","Customer","","","11/6/2017",""
"Doroth Gardner","Price73 Inc","Customer","","","11/6/2017","IN"
"Eric Gutierrez","Wood74 Inc","Customer","","","11/6/2017","VA"
"Doroth Gardner","Brock75 Inc","Customer","","9/16/2017","11/6/2017",""
"Julie Chavez","Watts76 Inc","Customer","","","11/6/2017",""
"Irene Kelley","Norris77 Inc","Customer","","10/17/2017","11/6/2017",""
"Eric Sanchez","Evans78 Inc","Partner","","","11/6/2017",""
"Nicolas Weaver","Rodgers79 Inc","Partner","","","11/6/2017","GA"
"Dennis Howard","Stokes80 Inc","Customer","","","11/6/2017",""
"Harold Campbell","Lane81 Inc","Customer","","","11/6/2017","KS"
"Bruce Kennedy","Flowers82 Inc","Partner","","","11/6/2017",""
"Laura Palmer","Gray83 Inc","Customer","","","11/6/2017",""
"Kelly Frazier","Santos84 Inc","Partner","","9/17/2017","11/6/2017","MA"
"Johnny Green","Henry85 Inc","Customer","","","11/6/2017",""
"Eric Sanchez","Patton86 Inc","Customer","","","11/6/2017","FL"
"Evelyn Williamson","Webster87 Inc","Customer","","","11/6/2017",""
"Dennis Howard","Hunter88 Inc","Customer","","11/18/2017","11/6/2017",""
"Kelly Frazier","Bowers89 Inc","Customer","","","11/6/2017","UT"
"John Williams","Steele90 Inc","Customer","","","11/6/2017",""
"Doroth Gardner","Leonard91 Inc","Customer","","","11/6/2017","TX"
"Julie Chavez","Robbins92 Inc","Partner","","","11/6/2017","NH"
"Johnny Green","Lawrence93 Inc","Customer","","11/11/2017","11/6/2017","MO"
"Dennis Howard","Sherman94 Inc","Partner","","","11/6/2017","NC"
"Laura Palmer","Dean95 Inc","Customer","","11/22/2017","11/6/2017","HI"
"Harold Campbell","Webb96 Inc","Partner","","11/23/2017","11/6/2017",""
"Bruce Kennedy","Woods287 Inc","Customer","","","11/6/2017",""
"Bruce Kennedy","Webb232 Inc","Customer","","","11/6/2017",""
"Eric Gutierrez","Meyer233 Inc","Partner","","","11/6/2017","OH"
"Harold Campbell","Fletcher234 Inc","Partner","","11/8/2017","11/6/2017",""
"Kelly Frazier","McGee235 Inc","Partner","","","11/6/2017","LA"
"Evelyn Williamson","Alvarado236 Inc","Customer","","","11/6/2017","WY"
"Chris Riley","Perez237 Inc","Partner","","","11/6/2017","NY"
"Nicolas Weaver","Taylor238 Inc","Customer","","","11/6/2017","OH"
"Eric Gutierrez","Reeves436 Inc","Customer","","","11/6/2017",""
"Nicolas Weaver","Nguyen437 Inc","Partner","","","11/6/2017",""
"Dennis Howard","Williams438 Inc","Customer","","","11/6/2017",""
"John Williams","Rivera439 Inc","Partner","","","11/6/2017",""
"Julie Chavez","Mann440 Inc","Customer","","","11/6/2017","OR"
"Bruce Kennedy","Owens441 Inc","Customer","","11/24/2017","11/6/2017",""
"Laura Palmer","Robinson442 Inc","Partner","","","11/6/2017","AZ"
"Harold Campbell","James443 Inc","Partner","","","11/6/2017","RI"
"Chris Riley","Oliver444 Inc","Customer","","","11/6/2017","UT"
"Johnny Green","Norton445 Inc","Customer","","","11/6/2017",""
"Evelyn Williamson","Benson446 Inc","Customer","","","11/6/2017",""
"Catherine Brown","Beck447 Inc","Customer","","","11/6/2017","GA"
"John Williams","Myers448 Inc","Customer","","","11/6/2017",""
"Nicolas Weaver","Robbins449 Inc","Customer","","","11/6/2017",""
"Irene McCoy","Cox450 Inc","Customer","","11/25/2017","11/6/2017","AR"
"Dennis Howard","Collins451 Inc","Customer","","","11/6/2017","MT"
"Harold Campbell","Lambert452 Inc","Customer","","","11/6/2017",""
"Kelly Frazier","Paul453 Inc","Customer","","","11/6/2017",""
"Laura Garza","Coleman288 Inc","Customer","","","11/6/2017",""
"Julie Chavez","Schmidt289 Inc","Customer","","","11/6/2017",""
"Julie Chavez","Garrett290 Inc","Customer","","","11/6/2017",""
"John Williams","Pena291 Inc","Customer","","","11/6/2017",""
"Irene Kelley","Gill292 Inc","Customer","","","11/6/2017",""
"Evelyn Williamson","Marsh293 Inc","Customer","","","11/6/2017",""
"Evelyn Williamson","Gordon294 Inc","Customer","","","11/6/2017","TX"
"Kelly Frazier","Holt295 Inc","Customer","","","11/6/2017",""
"Evelyn Williamson","Gill296 Inc","Partner","","","11/6/2017",""
"Evelyn Williamson","Mills297 Inc","Partner","","","11/6/2017",""
"Catherine Brown","Reynolds298 Inc","Customer","","9/25/2017","11/6/2017","DE"
"Harold Campbell","Evans299 Inc","Partner","","","11/6/2017",""
"Irene McCoy","Moran300 Inc","Customer","","9/25/2017","11/6/2017",""
"Dennis Howard","Long301 Inc","Customer","","","11/6/2017","NM"
"John Williams","McDaniel302 Inc","Customer","","","11/6/2017","NH"
"Nicolas Weaver","Christensen303 Inc","Customer","","","11/6/2017",""
"Laura Garza","Phelps304 Inc","Customer","","","11/6/2017",""
"Irene McCoy","Gutierrez305 Inc","Customer","","","11/6/2017",""
"Laura Palmer","Woods306 Inc","Customer","","","11/6/2017","MO"
"Bruce Kennedy","Fowler307 Inc","Partner","","10/23/2017","11/6/2017",""
"Laura Garza","Hughes308 Inc","Customer","","","11/6/2017","CA"
"Dennis Howard","Harper309 Inc","Customer","","","11/6/2017",""
"Nicolas Weaver","Sims310 Inc","Partner","","","11/6/2017",""
"Eric Gutierrez","Wright311 Inc","Partner","","","11/6/2017",""
"Catherine Brown","Wade312 Inc","Partner","","","11/6/2017",""
"Julie Chavez","Bush454 Inc","Partner","","11/16/2017","11/6/2017",""
"Eric Gutierrez","Holloway455 Inc","Customer","","11/5/2017","11/6/2017",""
"Irene Kelley","Bryant456 Inc","Partner","","9/20/2017","11/6/2017",""
"John Williams","Romero457 Inc","Partner","","","11/6/2017","NC"
"Kelly Frazier","Summers458 Inc","Customer","","11/7/2017","11/6/2017","CA"
"Dennis Howard","Copeland459 Inc","Customer","","","11/6/2017",""
"Johnny Green","Bowers460 Inc","Partner","","11/22/2017","11/6/2017",""
"Irene McCoy","Rodgers461 Inc","Partner","","11/19/2017","11/6/2017","NE"
"Eric Gutierrez","Boone625 Inc","Customer","","","11/6/2017",""
"Eric Gutierrez","Rodriquez626 Inc","Customer","","10/5/2017","11/6/2017","CA"
"Doroth Gardner","Hale627 Inc","Customer","","","11/6/2017","ND"
"Julie Chavez","Stokes628 Inc","Customer","","","11/6/2017",""
"Doroth Gardner","Edwards629 Inc","Customer","","","11/6/2017",""
"Harold Campbell","Gordon630 Inc","Partner","","11/4/2017","11/6/2017",""
"Laura Garza","Thomas631 Inc","Customer","","11/10/2017","11/6/2017",""
"Johnny Green","Hodges632 Inc","Customer","","","11/6/2017",""
"Eric Gutierrez","Lindsey633 Inc","Customer","","11/24/2017","11/6/2017",""
"Harold Campbell","Price634 Inc","Customer","","","11/6/2017",""
"Laura Palmer","Mack635 Inc","Customer","","","11/6/2017","HI"
"Harold Campbell","Walton636 Inc","Partner","","","11/6/2017","NE"
"Harold Campbell","Herrera637 Inc","Customer","","11/28/2017","11/6/2017",""
"Julie Chavez","Anderson638 Inc","Customer","","11/4/2017","11/6/2017",""
"Doroth Gardner","Ryan639 Inc","Customer","","","11/6/2017",""
"Evelyn Williamson","Paul640 Inc","Customer","","","11/6/2017",""
"John Williams","Hoffman641 Inc","Customer","","","11/6/2017",""
"John Williams","Edwards508 Inc","Customer","","","11/6/2017","ND"
"Catherine Brown","Holland509 Inc","Customer","","","11/6/2017",""
"Johnny Green","Medina510 Inc","Customer","","","11/6/2017",""
"Nicolas Weaver","Patton511 Inc","Partner","","","11/6/2017",""
"Bruce Kennedy","Berry512 Inc","Customer","","","11/6/2017",""
"Catherine Brown","Conner513 Inc","Partner","","11/17/2017","11/6/2017","IA"
"Irene Kelley","Tran514 Inc","Partner","","11/24/2017","11/6/2017",""
"Catherine Brown","Wade515 Inc","Customer","","","11/6/2017",""
"Irene McCoy","Morales516 Inc","Partner","","","11/6/2017",""
"Eric Gutierrez","Fox517 Inc","Customer","","10/16/2017","11/6/2017","TN"
"Irene Kelley","Guzman518 Inc","Partner","","","11/6/2017","CA"
"Chris Riley","Bennett519 Inc","Customer","","11/6/2017","11/6/2017",""
"Laura Garza","Ortiz520 Inc","Customer","","","11/6/2017","ID"
"Doroth Gardner","Knight521 Inc","Customer","","","11/6/2017","IL"
"Chris Riley","Collins522 Inc","Customer","","11/3/2017","11/6/2017",""
"Johnny Green","Ramirez523 Inc","Customer","","","11/6/2017",""
"Irene Kelley","Lopez524 Inc","Partner","","","11/6/2017","WA"
"Harold Campbell","Evans525 Inc","Partner","","","11/6/2017",""
"John Williams","Porter526 Inc","Customer","","","11/6/2017","ID"
"Harold Campbell","Snyder527 Inc","Customer","","","11/6/2017",""
"Julie Chavez","Pittman528 Inc","Customer","","12/6/2017","11/6/2017",""
"Evelyn Williamson","Flowers529 Inc","Customer","","","11/6/2017",""
"Doroth Gardner","Williamson530 Inc","Customer","","12/7/2017","11/6/2017",""
"Eric Gutierrez","McKenzie531 Inc","Partner","","","11/6/2017","CT"
"Eric Sanchez","Cross532 Inc","Customer","","","11/6/2017",""
"Dennis Howard","Norris642 Inc","Customer","","","11/6/2017",""
"Julie Chavez","Griffith643 Inc","Partner","","","11/6/2017",""
"Laura Garza","Ingram644 Inc","Customer","","11/16/2017","11/6/2017",""
"Dennis Howard","Tran645 Inc","Customer","","","11/6/2017",""
"Kelly Frazier","Zimmerman646 Inc","Customer","","","11/6/2017",""
"Irene Kelley","Norton790 Inc","Customer","","11/18/2017","11/6/2017","MO"
"Laura Garza","Bradley791 Inc","Customer","","","11/6/2017",""
"Catherine Brown","Valdez792 Inc","Customer","","11/27/2017","11/6/2017","LA"
"Harold Campbell","Nguyen793 Inc","Partner","","","11/6/2017",""
"Chris Riley","Weber794 Inc","Partner","","10/19/2017","11/6/2017","WV"
"Irene McCoy","Gordon795 Inc","Partner","","","11/6/2017","MT"
"Harold Campbell","Mitchell796 Inc","Customer","","","11/6/2017",""
"Irene Kelley","Kim797 Inc","Customer","","","11/6/2017",""
"Eric Gutierrez","Tran798 Inc","Customer","","","11/6/2017",""
"Laura Palmer","Thornton799 Inc","Customer","","11/4/2017","11/6/2017","WI"
"Evelyn Williamson","Kim800 Inc","Customer","","11/10/2017","11/6/2017",""
"Irene McCoy","Gutierrez801 Inc","Customer","","11/1/2017","11/6/2017",""
"Bruce Kennedy","Munoz802 Inc","Customer","","","11/6/2017",""
"Eric Sanchez","Webster803 Inc","Partner","","","11/6/2017",""
"Johnny Green","Roberts804 Inc","Partner","","","11/6/2017",""
"Johnny Green","Ellis805 Inc","Customer","","","11/6/2017",""
"Doroth Gardner","Patrick806 Inc","Customer","","10/6/2017","11/6/2017",""
"Eric Gutierrez","Price807 Inc","Partner","","","11/6/2017",""
"Johnny Green","Rodriguez808 Inc","Customer","","","11/6/2017",""
"Doroth Gardner","Morales809 Inc","Partner","","","11/6/2017","NJ"
"Doroth Gardner","Stone533 Inc","Customer","","","11/6/2017","OR"
"Irene McCoy","Harmon693 Inc","Partner","","","11/6/2017","NC"
"Bruce Kennedy","Carroll694 Inc","Customer","","","11/6/2017","ID"
"Irene McCoy","McCoy695 Inc","Partner","","","11/6/2017",""
"Laura Palmer","Lawrence696 Inc","Customer","","","11/6/2017",""
"Kelly Frazier","Hoffman697 Inc","Customer","","","11/6/2017","PA"
"John Williams","Morton698 Inc","Customer","","9/27/2017","11/6/2017","CT"
"Laura Garza","Warner699 Inc","Customer","","11/16/2017","11/6/2017",""
"Johnny Green","Shaw700 Inc","Customer","","","11/6/2017",""
"Doroth Gardner","Crawford701 Inc","Customer","","10/14/2017","11/6/2017",""
"Julie Chavez","Black702 Inc","Customer","","","11/6/2017","AZ"
"Harold Campbell","Page703 Inc","Partner","","10/9/2017","11/6/2017",""
"Harold Campbell","Alexander704 Inc","Customer","","","11/6/2017",""
"Irene McCoy","Graham705 Inc","Customer","","10/30/2017","11/6/2017","AR"
"John Williams","West706 Inc","Customer","","","11/6/2017","NC"
"Bruce Kennedy","Garza707 Inc","Customer","","","11/6/2017","SD"
"Irene Kelley","Scott708 Inc","Customer","","11/6/2017","11/6/2017","ND"
"Kelly Frazier","Sutton709 Inc","Partner","","10/13/2017","11/6/2017",""
"Irene Kelley","Fleming710 Inc","Customer","","","11/6/2017",""
"John Williams","Delgado711 Inc","Customer","","","11/6/2017","ND"
"Chris Riley","Grant712 Inc","Customer","","","11/6/2017",""
"Johnny Green","Hernandez713 Inc","Customer","","","11/6/2017",""
"Nicolas Weaver","Carson714 Inc","Customer","","","11/6/2017",""
"Dennis Howard","Bradley715 Inc","Customer","","","11/6/2017","ME"
"John Williams","Fowler716 Inc","Customer","","","11/6/2017",""
"Irene Kelley","Burton810 Inc","Partner","","11/13/2017","11/6/2017","NC"
"Harold Campbell","Chandler811 Inc","Partner","","","11/6/2017","IN"
"Irene McCoy","Adkins812 Inc","Customer","","","11/6/2017",""
"Laura Palmer","Arnold813 Inc","Customer","","10/30/2017","11/6/2017","NH"
"Irene McCoy","Gordon814 Inc","Partner","","","11/6/2017","MD"
"Harold Campbell","Sims815 Inc","Partner","","10/20/2017","11/6/2017","NY"
"Johnny Green","Stevenson947 Inc","Customer","","","11/6/2017",""
"Dennis Howard","Chavez948 Inc","Partner","","","11/6/2017","OR"
"Nicolas Weaver","Martin949 Inc","Customer","","","11/6/2017","KS"
"Dennis Howard","Cohen950 Inc","Customer","","10/25/2017","11/6/2017",""
"Eric Gutierrez","Walsh951 Inc","Partner","","","11/6/2017",""
"Dennis Howard","Sims952 Inc","Customer","","","11/6/2017",""
"Dennis Howard","Reed953 Inc","Customer","","","11/6/2017","NY"
"Kelly Frazier","Stevenson954 Inc","Customer","","","11/6/2017","MI"
"Harold Campbell","Briggs955 Inc","Customer","","","11/6/2017",""
"Dennis Howard","Rodgers956 Inc","Customer","","10/18/2017","11/6/2017",""
"Dennis Howard","Sanchez957 Inc","Customer","","","11/6/2017",""
"Laura Palmer","Jimenez958 Inc","Customer","","","11/6/2017","PA"
"Johnny Green","Oliver959 Inc","Partner","","","11/6/2017","NE"
"Johnny Green","Johnson960 Inc","Partner","","","11/6/2017",""
"Catherine Brown","Stokes961 Inc","Customer","","","11/6/2017","IN"
"Johnny Green","Adams25 Inc","Customer","","","11/6/2017",""
"Nicolas Weaver","McGuire26 Inc","Partner","","","11/6/2017","LA"
"Harold Campbell","Dennis27 Inc","Partner","","","11/6/2017",""
"Eric Gutierrez","Cohen28 Inc","Customer","","9/24/2017","11/6/2017",""
"Laura Garza","Hart717 Inc","Customer","","9/17/2017","11/6/2017","FL"
"Laura Palmer","Vega718 Inc","Customer","","","11/6/2017","CO"
"Bruce Kennedy","Chambers869 Inc","Customer","","11/16/2017","11/6/2017",""
"Laura Palmer","Aguilar870 Inc","Customer","","12/11/2017","11/6/2017",""
"Irene McCoy","Gomez871 Inc","Customer","","10/10/2017","11/6/2017","ME"
"Dennis Howard","Owen872 Inc","Customer","","","11/6/2017",""
"Irene Kelley","Shelton873 Inc","Partner","","10/18/2017","11/6/2017","KY"
"Doroth Gardner","Erickson874 Inc","Customer","","","11/6/2017","OK"
"John Williams","Sparks875 Inc","Customer","","","11/6/2017",""
"Julie Chavez","Alvarez876 Inc","Customer","","","11/6/2017",""
"Eric Sanchez","Norton877 Inc","Customer","","","11/6/2017","OK"
"Johnny Green","Barber878 Inc","Partner","","","11/6/2017","MI"
"Irene Kelley","Hoffman879 Inc","Customer","","","11/6/2017",""
"Eric Sanchez","Wallace880 Inc","Customer","","","11/6/2017","WV"
"Chris Riley","Hawkins881 Inc","Partner","","","11/6/2017","WV"
"Irene McCoy","Bush882 Inc","Partner","","","11/6/2017",""
"Dennis Howard","Goodman883 Inc","Partner","","","11/6/2017",""
"Doroth Gardner","Stevenson884 Inc","Customer","","","11/6/2017",""
"Irene Kelley","Banks885 Inc","Customer","","","11/6/2017","OK"
"Eric Gutierrez","Bailey886 Inc","Customer","","","11/6/2017","NV"
"Chris Riley","McKenzie887 Inc","Customer","","","11/6/2017","OR"
"Chris Riley","Alvarez888 Inc","Partner","","","11/6/2017",""
"Laura Palmer","Carr889 Inc","Customer","","","11/6/2017","IN"
"Evelyn Williamson","Brock890 Inc","Customer","","","11/6/2017",""
"Eric Gutierrez","Henderson891 Inc","Customer","","9/21/2017","11/6/2017",""
"Johnny Green","Reid29 Inc","Customer","","","11/6/2017","MN"
"Eric Gutierrez","Francis30 Inc","Customer","","","11/6/2017","VA"
"Doroth Gardner","Long31 Inc","Customer","","","11/6/2017","MN"
"Evelyn Williamson","Peterson32 Inc","Customer","","","11/6/2017",""
"Irene McCoy","Graves33 Inc","Customer","","10/27/2017","11/6/2017","ID"
"Harold Campbell","Vasquez34 Inc","Customer","","","11/6/2017","KY"
"Dennis Howard","Silva35 Inc","Partner","","","11/6/2017",""
"Chris Riley","Soto36 Inc","Customer","","","11/6/2017","MO"
"Laura Garza","Delgado37 Inc","Customer","","","11/6/2017",""
"Chris Riley","Gutierrez38 Inc","Customer","","","11/6/2017",""
"Harold Campbell","Greer39 Inc","Partner","","","11/6/2017",""
"Johnny Green","Webster40 Inc","Customer","","","11/6/2017",""
"Laura Garza","Morales41 Inc","Partner","","11/10/2017","11/6/2017","TN"
"Doroth Gardner","Adkins42 Inc","Customer","","","11/6/2017",""
"Dennis Howard","Carr43 Inc","Customer","","","11/6/2017",""
"Bruce Kennedy","Bennett44 Inc","Partner","","","11/6/2017","DE"
"Laura Palmer","Alvarez45 Inc","Partner","","","11/6/2017",""
"Dennis Howard","Lawrence46 Inc","Customer","","","11/6/2017",""
"Laura Garza","Casey47 Inc","Customer","","","11/6/2017",""
"Johnny Green","Gutierrez48 Inc","Customer","","","11/6/2017","RI"
"Catherine Brown","West49 Inc","Partner","","10/20/2017","11/6/2017",""
"Dennis Howard","Lawrence50 Inc","Customer","","","11/6/2017",""
"Eric Sanchez","Walsh51 Inc","Partner","","","11/6/2017",""
"Laura Palmer","Guzman239 Inc","Customer","","","11/6/2017","LA"
"Dennis Howard","Hampton240 Inc","Partner","","","11/6/2017","FL"
"Kelly Frazier","Christensen892 Inc","Customer","","10/13/2017","11/6/2017","KY"
"Eric Gutierrez","Bailey893 Inc","Customer","","","11/6/2017","ID"
"Laura Garza","Beck894 Inc","Customer","","11/29/2017","11/6/2017",""
"Doroth Gardner","King97 Inc","Customer","","","11/6/2017",""
"Julie Chavez","Chandler98 Inc","Partner","","11/13/2017","11/6/2017","NE"
"Eric Gutierrez","Parks99 Inc","Partner","","","11/6/2017","HI"
"Nicolas Weaver","Floyd100 Inc","Customer","","","11/6/2017",""
"Irene McCoy","Love101 Inc","Customer","","","11/6/2017",""
"Catherine Brown","Ruiz102 Inc","Customer","","","11/6/2017","ME"
"Eric Gutierrez","Ortega103 Inc","Customer","","","11/6/2017","GA"
"Nicolas Weaver","Moran104 Inc","Customer","","","11/6/2017","MI"
"Eric Sanchez","Nichols105 Inc","Partner","","","11/6/2017",""
"Nicolas Weaver","Byrd106 Inc","Customer","","","11/6/2017",""
"Laura Garza","Hines107 Inc","Customer","","","11/6/2017","MN"
"Doroth Gardner","Dixon108 Inc","Customer","","","11/6/2017",""
"Irene McCoy","Warner109 Inc","Customer","","","11/6/2017","ND"
"Irene Kelley","Medina110 Inc","Customer","","10/21/2017","11/6/2017",""
"Laura Palmer","Cannon111 Inc","Customer","","","11/6/2017",""
"Nicolas Weaver","Schultz112 Inc","Partner","","","11/6/2017","CO"
"Laura Garza","Pittman113 Inc","Customer","","","11/6/2017","SD"
"Catherine Brown","Ramsey114 Inc","Customer","","11/19/2017","11/6/2017","WA"
"Chris Riley","Parks115 Inc","Customer","","","11/6/2017",""
"Chris Riley","Guzman116 Inc","Customer","","","11/6/2017",""
"Chris Riley","Cook117 Inc","Customer","","","11/6/2017",""
"Eric Gutierrez","Webster118 Inc","Partner","","12/14/2017","11/6/2017","DE"
"John Williams","Johnston241 Inc","Customer","","10/19/2017","11/6/2017",""
"Dennis Howard","Cross242 Inc","Customer","","","11/6/2017",""
"Johnny Green","Nguyen243 Inc","Customer","","","11/6/2017",""
"Evelyn Williamson","Wise244 Inc","Customer","","","11/6/2017",""
"Chris Riley","Terry245 Inc","Customer","","","11/6/2017","NJ"
"Dennis Howard","Medina246 Inc","Customer","","","11/6/2017","LA"
"Laura Palmer","Moore247 Inc","Customer","","","11/6/2017","DC"
"Doroth Gardner","Greene248 Inc","Partner","","11/7/2017","11/6/2017",""
"Eric Gutierrez","Butler249 Inc","Customer","","","11/6/2017",""
"Dennis Howard","Bryant250 Inc","Customer","","","11/6/2017",""
"Catherine Brown","Rivera251 Inc","Customer","","","11/6/2017","MN"
"Kelly Frazier","Meyer252 Inc","Customer","","","11/6/2017",""
"Harold Campbell","Phillips253 Inc","Customer","","11/18/2017","11/6/2017",""
"Laura Palmer","Glover254 Inc","Partner","","","11/6/2017",""
"Eric Gutierrez","Ortega255 Inc","Customer","","","11/6/2017","NY"
"Evelyn Williamson","Love256 Inc","Customer","","","11/6/2017","OR"
"Harold Campbell","Salazar257 Inc","Customer","","","11/6/2017",""
"Eric Gutierrez","Patrick258 Inc","Customer","","","11/6/2017","MN"
"Laura Garza","Wells259 Inc","Customer","","","11/6/2017","RI"
"Dennis Howard","Dawson260 Inc","Customer","","","11/6/2017","PA"
"Eric Sanchez","Holloway261 Inc","Customer","","","11/6/2017",""
"Harold Campbell","Estrada262 Inc","Customer","","","11/6/2017","AK"
"Eric Sanchez","Beck462 Inc","Customer","","","11/6/2017","WV"
"Kelly Frazier","Hill463 Inc","Customer","","10/6/2017","11/6/2017","MI"
"Kelly Frazier","Maldonado464 Inc","Customer","","11/8/2017","11/6/2017","HI"
"Nicolas Weaver","Francis119 Inc","Customer","","","11/6/2017",""
"John Williams","Jackson120 Inc","Customer","","","11/6/2017",""
"Harold Campbell","Malone121 Inc","Customer","","","11/6/2017",""
"Laura Garza","Hansen313 Inc","Customer","","","11/6/2017",""
"Dennis Howard","Cook314 Inc","Customer","","","11/6/2017","VT"
"Laura Palmer","Malone315 Inc","Customer","","","11/6/2017",""
"Harold Campbell","Page316 Inc","Customer","","","11/6/2017","NY"
"Irene Kelley","Diaz317 Inc","Partner","","","11/6/2017",""
"Dennis Howard","Brewer318 Inc","Customer","","","11/6/2017","AL"
"Laura Palmer","Stewart319 Inc","Partner","","","11/6/2017","MT"
"Irene Kelley","Myers320 Inc","Partner","","10/5/2017","11/6/2017",""
"Julie Chavez","Tate321 Inc","Customer","","","11/6/2017",""
"Irene Kelley","Fowler322 Inc","Partner","","10/31/2017","11/6/2017","ND"
"Julie Chavez","Marsh323 Inc","Customer","","","11/6/2017","CT"
"Doroth Gardner","Cortez324 Inc","Partner","","","11/6/2017",""
"Harold Campbell","Dennis325 Inc","Partner","","","11/6/2017","NH"
"Eric Gutierrez","Haynes326 Inc","Customer","","10/22/2017","11/6/2017","TN"
"Irene McCoy","Ellis327 Inc","Customer","","11/19/2017","11/6/2017",""
"Julie Chavez","Black328 Inc","Partner","","","11/6/2017",""
"Nicolas Weaver","Gill329 Inc","Partner","","","11/6/2017","MD"
"Eric Sanchez","Hale330 Inc","Partner","","","11/6/2017","NY"
"Laura Garza","Hill331 Inc","Customer","","","11/6/2017","IN"
"Catherine Brown","Hicks332 Inc","Customer","","","11/6/2017",""
"Laura Garza","Rowe333 Inc","Customer","","11/10/2017","11/6/2017","SD"
"Laura Palmer","Pittman334 Inc","Customer","","","11/6/2017","NH"
"Eric Sanchez","Figueroa465 Inc","Customer","","","11/6/2017",""
"Chris Riley","Porter466 Inc","Partner","","","11/6/2017","MT"
"Doroth Gardner","McDaniel467 Inc","Customer","","","11/6/2017",""
"Catherine Brown","Edwards468 Inc","Partner","","","11/6/2017","KS"
"Eric Sanchez","Cobb469 Inc","Customer","","","11/6/2017","MS"
"Doroth Gardner","Moore470 Inc","Customer","","10/23/2017","11/6/2017",""
"Evelyn Williamson","Holloway471 Inc","Partner","","","11/6/2017",""
"Laura Garza","Padilla472 Inc","Customer","","","11/6/2017","DE"
"Eric Gutierrez","Cross473 Inc","Customer","","","11/6/2017",""
"Irene Kelley","Bridges474 Inc","Partner","","","11/6/2017",""
"Chris Riley","Chapman475 Inc","Partner","","","11/6/2017",""
"Chris Riley","Hunt476 Inc","Customer","","","11/6/2017","ND"
"Julie Chavez","Stanley477 Inc","Partner","","","11/6/2017",""
"John Williams","Schmidt478 Inc","Customer","","","11/6/2017",""
"Laura Garza","Bowman479 Inc","Customer","","","11/6/2017",""
"Chris Riley","Moss480 Inc","Partner","","","11/6/2017","NC"
"Julie Chavez","Allen481 Inc","Customer","","","11/6/2017","IA"
"Dennis Howard","Guzman482 Inc","Partner","","","11/6/2017","NV"
"Irene Kelley","Long647 Inc","Customer","","","11/6/2017",""
"Bruce Kennedy","Soto648 Inc","Customer","","","11/6/2017","WI"
"Evelyn Williamson","Martinez649 Inc","Partner","","","11/6/2017",""
"Catherine Brown","Cummings650 Inc","Customer","","","11/6/2017",""
"Doroth Gardner","Hines651 Inc","Customer","","","11/6/2017",""
"John Williams","Colon652 Inc","Customer","","","11/6/2017","NH"
"Julie Chavez","Warren653 Inc","Partner","","10/13/2017","11/6/2017",""
"John Williams","Adams335 Inc","Customer","","","11/6/2017",""
"Irene McCoy","Atkins336 Inc","Customer","","","11/6/2017",""
"Irene Kelley","Mitchell534 Inc","Customer","","","11/6/2017",""
"Kelly Frazier","Duncan535 Inc","Partner","","","11/6/2017","NM"
"Irene Kelley","Crawford536 Inc","Customer","","10/27/2017","11/6/2017","VA"
"Kelly Frazier","Morton537 Inc","Customer","","","11/6/2017","LA"
"Doroth Gardner","Conner538 Inc","Partner","","10/23/2017","11/6/2017",""
"Evelyn Williamson","Tran539 Inc","Customer","","","11/6/2017","CT"
"Julie Chavez","Davis540 Inc","Customer","","","11/6/2017","CT"
"Laura Palmer","Morris541 Inc","Partner","","","11/6/2017","RI"
"Irene Kelley","McKinney542 Inc","Customer","","","11/6/2017",""
"Irene Kelley","Barnett543 Inc","Partner","","11/9/2017","11/6/2017",""
"Irene McCoy","Potter544 Inc","Partner","","","11/6/2017","WY"
"Johnny Green","Freeman545 Inc","Partner","","","11/6/2017",""
"Eric Gutierrez","Caldwell546 Inc","Partner","","","11/6/2017",""
"Dennis Howard","Bowen547 Inc","Customer","","","11/6/2017",""
"Chris Riley","Torres548 Inc","Customer","","","11/6/2017",""
"Nicolas Weaver","Phelps549 Inc","Customer","","","11/6/2017","TN"
"Eric Gutierrez","Garza550 Inc","Customer","","","11/6/2017","DC"
"Laura Garza","Owens551 Inc","Partner","","","11/6/2017",""
"Eric Gutierrez","Phillips552 Inc","Customer","","11/12/2017","11/6/2017","MI"
"Johnny Green","Long553 Inc","Customer","","","11/6/2017","OK"
"Dennis Howard","Gibbs554 Inc","Partner","","","11/6/2017",""
"Harold Campbell","Stone555 Inc","Customer","","12/3/2017","11/6/2017",""
"Dennis Howard","Pittman556 Inc","Customer","","","11/6/2017","ID"
"Irene McCoy","Arnold386 Inc","Customer","","","11/6/2017","RI"
"Eric Gutierrez","Banks163 Inc","Customer","","11/4/2017","11/6/2017","TX"
"Catherine Brown","King177 Inc","Customer","","","11/6/2017","TX"
"Dennis Howard","Morrison178 Inc","Customer","","","11/6/2017",""
"Nicolas Weaver","Perez179 Inc","Customer","","","11/6/2017",""
"Johnny Green","Quinn180 Inc","Customer","","","11/6/2017","KS"
"Bruce Kennedy","Fleming654 Inc","Partner","","","11/6/2017","AZ"
"Laura Garza","Dixon655 Inc","Customer","","","11/6/2017",""
"Kelly Frazier","Russell656 Inc","Customer","","","11/6/2017",""
"Kelly Frazier","Benson657 Inc","Customer","","","11/6/2017","LA"
"Eric Gutierrez","McDonald658 Inc","Customer","","","11/6/2017",""
"Nicolas Weaver","Long659 Inc","Partner","","","11/6/2017","WA"
"Eric Sanchez","Hicks660 Inc","Customer","","","11/6/2017","FL"
"Eric Gutierrez","Bass661 Inc","Partner","","","11/6/2017","IA"
"Irene McCoy","Nichols662 Inc","Partner","","","11/6/2017",""
"Catherine Brown","Simmons663 Inc","Partner","","11/15/2017","11/6/2017",""
"Dennis Howard","Palmer664 Inc","Customer","","","11/6/2017",""
"Dennis Howard","Woods665 Inc","Partner","","","11/6/2017",""
"Kelly Frazier","Higgins666 Inc","Customer","","","11/6/2017",""
"Eric Sanchez","Newman667 Inc","Customer","","","11/6/2017",""
"Bruce Kennedy","Rogers668 Inc","Partner","","","11/6/2017",""
"Harold Campbell","Moore669 Inc","Customer","","","11/6/2017",""
"Bruce Kennedy","Maxwell670 Inc","Customer","","12/13/2017","11/6/2017","OR"
"Evelyn Williamson","Cooper671 Inc","Customer","","","11/6/2017","NM"
"Laura Garza","Green672 Inc","Partner","","","11/6/2017",""
"Eric Sanchez","Fleming816 Inc","Customer","","","11/6/2017",""
"Evelyn Williamson","Colon817 Inc","Customer","","","11/6/2017","NH"
"Eric Sanchez","King818 Inc","Customer","","10/21/2017","11/6/2017",""
"Laura Palmer","Larson819 Inc","Partner","","","11/6/2017",""
"John Williams","Green820 Inc","Partner","","","11/6/2017",""
"Evelyn Williamson","Strickland821 Inc","Customer","","","11/6/2017","OK"
"John Williams","Clayton557 Inc","Partner","","","11/6/2017",""
"Laura Palmer","Smith558 Inc","Partner","","11/11/2017","11/6/2017","SD"
"Chris Riley","Williamson719 Inc","Partner","","","11/6/2017",""
"John Williams","Munoz720 Inc","Customer","","","11/6/2017","IL"
"Evelyn Williamson","Robertson721 Inc","Customer","","10/26/2017","11/6/2017","NY"
"Catherine Brown","Phillips722 Inc","Partner","","11/11/2017","11/6/2017","SC"
"Laura Garza","Wade723 Inc","Customer","","9/20/2017","11/6/2017","IL"
"Irene Kelley","Munoz724 Inc","Customer","","","11/6/2017",""
"Chris Riley","Jones725 Inc","Customer","","","11/6/2017","IL"
"Irene Kelley","Cole726 Inc","Customer","","","11/6/2017",""
"Eric Sanchez","Wallace727 Inc","Customer","","","11/6/2017",""
"Irene Kelley","Ellis728 Inc","Customer","","","11/6/2017",""
"Irene Kelley","Jensen729 Inc","Partner","","","11/6/2017","KY"
"Evelyn Williamson","Joseph730 Inc","Customer","","11/4/2017","11/6/2017","ME"
"Irene Kelley","Cortez731 Inc","Customer","","","11/6/2017",""
"Eric Gutierrez","McGuire732 Inc","Customer","","","11/6/2017",""
"Bruce Kennedy","Fleming733 Inc","Partner","","","11/6/2017",""
"Catherine Brown","Hopkins734 Inc","Customer","","","11/6/2017",""
"Bruce Kennedy","Jordan735 Inc","Customer","","","11/6/2017",""
"Chris Riley","Schneider736 Inc","Customer","","","11/6/2017",""
"Kelly Frazier","Sanchez737 Inc","Customer","","","11/6/2017",""
"Kelly Frazier","Ferguson738 Inc","Partner","","","11/6/2017",""
"Bruce Kennedy","Hopkins739 Inc","Customer","","","11/6/2017","KY"
"Laura Garza","Berry740 Inc","Customer","","","11/6/2017",""
"Kelly Frazier","Grant741 Inc","Customer","","","11/6/2017",""
"Julie Chavez","Martinez181 Inc","Customer","","","11/6/2017","ME"
"Irene McCoy","Allen182 Inc","Customer","","11/2/2017","11/6/2017",""
"Bruce Kennedy","Williamson183 Inc","Partner","","","11/6/2017","NM"
"Laura Garza","Crawford184 Inc","Customer","","10/19/2017","11/6/2017","OK"
"Johnny Green","Klein185 Inc","Customer","","","11/6/2017",""
"Irene McCoy","Reed186 Inc","Customer","","","11/6/2017",""
"Laura Palmer","Duncan187 Inc","Partner","","10/21/2017","11/6/2017",""
"Harold Campbell","Christensen164 Inc","Customer","","","11/6/2017",""
"Doroth Gardner","Webb165 Inc","Customer","","11/15/2017","11/6/2017","NE"
"Catherine Brown","Figueroa166 Inc","Customer","","11/9/2017","11/6/2017",""
"Johnny Green","Stone167 Inc","Partner","","","11/6/2017","CO"
"Doroth Gardner","Newman168 Inc","Partner","","","11/6/2017",""
"Dennis Howard","Baker169 Inc","Customer","","","11/6/2017",""
"John Williams","Coleman170 Inc","Customer","","","11/6/2017",""
"Nicolas Weaver","Olson171 Inc","Customer","","","11/6/2017",""
"Johnny Green","Carter172 Inc","Partner","","","11/6/2017",""
"Irene McCoy","Greer173 Inc","Customer","","","11/6/2017","MN"
"Johnny Green","Jordan174 Inc","Customer","","","11/6/2017",""
"Dennis Howard","Wise175 Inc","Partner","","12/14/2017","11/6/2017","SC"
"Laura Palmer","Carpenter176 Inc","Partner","","","11/6/2017",""
"Chris Riley","Flores188 Inc","Customer","","","11/6/2017","VA"
"Bruce Kennedy","Hoffman387 Inc","Partner","","","11/6/2017","WV"
"Eric Gutierrez","Ross388 Inc","Customer","","10/22/2017","11/6/2017","IA"
"John Williams","Fleming389 Inc","Customer","","","11/6/2017",""
"Irene Kelley","Gardner390 Inc","Customer","","","11/6/2017",""
"Eric Sanchez","Flowers822 Inc","Partner","","","11/6/2017","KS"
"Chris Riley","Flores823 Inc","Customer","","","11/6/2017",""
"Eric Gutierrez","Richardson824 Inc","Partner","","","11/6/2017",""
"Irene Kelley","Shelton825 Inc","Customer","","","11/6/2017",""
"Doroth Gardner","Romero826 Inc","Customer","","","11/6/2017",""
"Catherine Brown","Fuller827 Inc","Customer","","","11/6/2017","UT"
"Kelly Frazier","Hart828 Inc","Customer","","10/7/2017","11/6/2017",""
"Kelly Frazier","Nelson829 Inc","Customer","","","11/6/2017",""
"Laura Garza","Rios830 Inc","Customer","","11/10/2017","11/6/2017","NJ"
"Eric Gutierrez","Greer831 Inc","Customer","","","11/6/2017",""
"Irene Kelley","Floyd832 Inc","Customer","","11/14/2017","11/6/2017",""
"Julie Chavez","Porter833 Inc","Customer","","","11/6/2017",""
"Eric Sanchez","Lane834 Inc","Customer","","","11/6/2017","NE"
"Laura Palmer","Ford835 Inc","Partner","","","11/6/2017",""
"Laura Garza","Marsh836 Inc","Customer","","11/20/2017","11/6/2017","CT"
"Kelly Frazier","Day837 Inc","Customer","","","11/6/2017",""
"Julie Chavez","Cobb838 Inc","Customer","","","11/6/2017","CO"
"Eric Gutierrez","Ramos839 Inc","Customer","","","11/6/2017","VT"
"Irene Kelley","Christensen840 Inc","Customer","","","11/6/2017",""
"Kelly Frazier","Schneider841 Inc","Customer","","","11/6/2017",""
"Laura Palmer","Holland842 Inc","Customer","","","11/6/2017","MI"
"Kelly Frazier","Grant962 Inc","Customer","","","11/6/2017",""
"Eric Sanchez","Boone963 Inc","Customer","","","11/6/2017",""
"Laura Garza","Pena964 Inc","Customer","","","11/6/2017","FL"
"Eric Gutierrez","Conner965 Inc","Customer","","","11/6/2017",""
"John Williams","Grant742 Inc","Customer","","","11/6/2017",""
"Bruce Kennedy","Mitchell743 Inc","Customer","","","11/6/2017","LA"
"Bruce Kennedy","Carlson744 Inc","Partner","","10/17/2017","11/6/2017","DE"
"Irene Kelley","Rogers895 Inc","Partner","","","11/6/2017","WA"
"Doroth Gardner","Maxwell896 Inc","Customer","","","11/6/2017","NM"
"Nicolas Weaver","Santos897 Inc","Partner","","","11/6/2017","WY"
"Catherine Brown","James898 Inc","Customer","","","11/6/2017","OH"
"Catherine Brown","Lindsey899 Inc","Partner","","","11/6/2017","NV"
"Bruce Kennedy","Luna900 Inc","Customer","","11/5/2017","11/6/2017","NH"
"Dennis Howard","Holt901 Inc","Customer","","","11/6/2017",""
"Dennis Howard","Dean902 Inc","Customer","","10/21/2017","11/6/2017",""
"Evelyn Williamson","Elliott903 Inc","Customer","","","11/6/2017",""
"Irene Kelley","Mann904 Inc","Customer","","","11/6/2017","MA"
"Nicolas Weaver","Park905 Inc","Customer","","","11/6/2017",""
"Laura Garza","Bennett906 Inc","Partner","","","11/6/2017",""
"Dennis Howard","Adkins907 Inc","Customer","","11/23/2017","11/6/2017","HI"
"Irene McCoy","Sharp908 Inc","Customer","","","11/6/2017","HI"
"Johnny Green","Carson909 Inc","Customer","","","11/6/2017","PA"
"Doroth Gardner","Davis910 Inc","Customer","","","11/6/2017","MA"
"Eric Sanchez","Ferguson911 Inc","Customer","","","11/6/2017",""
"John Williams","Robinson912 Inc","Customer","","","11/6/2017","KY"
"Irene McCoy","Richards913 Inc","Customer","","","11/6/2017","NH"
"Johnny Green","Ingram914 Inc","Customer","","","11/6/2017",""
"Eric Sanchez","Dixon915 Inc","Customer","","","11/6/2017",""
"Eric Sanchez","Mullins916 Inc","Partner","","","11/6/2017",""
"Eric Gutierrez","Stephens391 Inc","Customer","","11/27/2017","11/6/2017","MI"
"Johnny Green","Pratt392 Inc","Partner","","11/9/2017","11/6/2017",""
"Catherine Brown","Wilson393 Inc","Customer","","","11/6/2017",""
"Irene McCoy","Robinson394 Inc","Customer","","","11/6/2017",""
"Laura Palmer","Rivera395 Inc","Customer","","","11/6/2017","ND"
"Laura Palmer","Cook396 Inc","Partner","","","11/6/2017",""
"Nicolas Weaver","Warren397 Inc","Customer","","11/24/2017","11/6/2017","SC"
"Nicolas Weaver","Brewer398 Inc","Customer","","","11/6/2017","DC"
"John Williams","Pittman399 Inc","Customer","","","11/6/2017","ME"
"Nicolas Weaver","Owens400 Inc","Customer","","","11/6/2017","IA"
"Harold Campbell","Tucker401 Inc","Customer","","11/17/2017","11/6/2017",""
"Irene McCoy","Briggs402 Inc","Customer","","11/26/2017","11/6/2017",""
"Irene McCoy","Scott403 Inc","Partner","","","11/6/2017","CT"
"Catherine Brown","Watson404 Inc","Customer","","","11/6/2017",""
"Dennis Howard","Henry405 Inc","Customer","","10/21/2017","11/6/2017",""
"Laura Palmer","Gordon406 Inc","Customer","","12/11/2017","11/6/2017",""
"Bruce Kennedy","Oliver407 Inc","Customer","","","11/6/2017",""
"Kelly Frazier","Myers408 Inc","Partner","","","11/6/2017","MO"
"Doroth Gardner","Gonzales409 Inc","Customer","","","11/6/2017",""
"Eric Sanchez","Myers581 Inc","Customer","","10/13/2017","11/6/2017","FL"
"Doroth Gardner","Flores582 Inc","Partner","","","11/6/2017","CA"
"Irene Kelley","Schultz583 Inc","Partner","","","11/6/2017",""
"Eric Sanchez","Guerrero584 Inc","Customer","","","11/6/2017",""
"Eric Gutierrez","Gill585 Inc","Customer","","","11/6/2017",""
"Julie Chavez","McCoy586 Inc","Customer","","","11/6/2017","IN"
"Irene Kelley","Barnett966 Inc","Customer","","","11/6/2017",""
"John Williams","May967 Inc","Customer","","","11/6/2017",""
"Irene McCoy","Gross968 Inc","Customer","","","11/6/2017","DE"
"Irene McCoy","Rivera969 Inc","Customer","","12/1/2017","11/6/2017","NC"
"Bruce Kennedy","Nash970 Inc","Customer","","","11/6/2017",""
"Chris Riley","Kim971 Inc","Customer","","","11/6/2017","CA"
"Laura Palmer","Wagner972 Inc","Customer","","","11/6/2017",""
"Johnny Green","Owens973 Inc","Customer","","","11/6/2017",""
"Laura Palmer","Cummings974 Inc","Customer","","","11/6/2017",""
"Julie Chavez","Myers975 Inc","Customer","","","11/6/2017",""
"Chris Riley","Obrien976 Inc","Customer","","","11/6/2017","MN"
"Catherine Brown","Marshall977 Inc","Customer","","10/27/2017","11/6/2017",""
"Eric Sanchez","Mack978 Inc","Customer","","","11/6/2017","NV"
"Eric Sanchez","Roberts979 Inc","Partner","","","11/6/2017","GA"
"Chris Riley","Parsons980 Inc","Customer","","","11/6/2017","DE"
"Harold Campbell","Flowers981 Inc","Customer","","","11/6/2017","VA"
"Kelly Frazier","Mack982 Inc","Customer","","","11/6/2017",""
"Laura Garza","Hawkins983 Inc","Customer","","","11/6/2017","VA"
"Laura Palmer","McGuire984 Inc","Customer","","","11/6/2017","SD"
"Irene Kelley","Jimenez985 Inc","Customer","","","11/6/2017",""
"Harold Campbell","Cooper986 Inc","Partner","","","11/6/2017","CO"
"Irene Kelley","Summers987 Inc","Customer","","10/20/2017","11/6/2017",""
"Dennis Howard","Gibbs52 Inc","Customer","","","11/6/2017","OK"
"Johnny Green","Brown53 Inc","Partner","","","11/6/2017",""
"Catherine Brown","Walsh54 Inc","Customer","","10/24/2017","11/6/2017",""
"Laura Garza","Malone917 Inc","Partner","","","11/6/2017","ME"
"Eric Sanchez","Walters918 Inc","Partner","","","11/6/2017",""
"Evelyn Williamson","Love919 Inc","Customer","","","11/6/2017",""
"Dennis Howard","Griffin920 Inc","Customer","","","11/6/2017","AK"
"Harold Campbell","Cunningham337 Inc","Customer","","","11/6/2017",""
"Nicolas Weaver","Byrd338 Inc","Customer","","","11/6/2017",""
"Johnny Green","Poole339 Inc","Customer","","","11/6/2017",""
"Eric Gutierrez","Massey340 Inc","Customer","","","11/6/2017",""
"Eric Sanchez","Garza341 Inc","Customer","","","11/6/2017",""
"Johnny Green","Simpson342 Inc","Customer","","11/22/2017","11/6/2017","HI"
"Bruce Kennedy","Shaw343 Inc","Customer","","","11/6/2017","NY"
"Eric Gutierrez","Clayton344 Inc","Customer","","","11/6/2017","CA"
"Laura Garza","Armstrong345 Inc","Customer","","","11/6/2017",""
"Julie Chavez","Benson346 Inc","Customer","","11/5/2017","11/6/2017",""
"Irene McCoy","Bowman347 Inc","Customer","","","11/6/2017","SC"
"Eric Sanchez","Arnold348 Inc","Partner","","","11/6/2017",""
"Laura Garza","Webster349 Inc","Customer","","10/31/2017","11/6/2017","IL"
"Julie Chavez","Weaver350 Inc","Partner","","","11/6/2017",""
"Julie Chavez","Vasquez351 Inc","Customer","","","11/6/2017",""
"John Williams","Lowe352 Inc","Customer","","","11/6/2017",""
"Johnny Green","Jensen353 Inc","Customer","","12/1/2017","11/6/2017",""
"Nicolas Weaver","Franklin354 Inc","Customer","","","11/6/2017","CT"
"John Williams","Freeman355 Inc","Customer","","","11/6/2017","NE"
"Eric Gutierrez","Bennett356 Inc","Customer","","","11/6/2017","IN"
"Chris Riley","Stewart357 Inc","Customer","","","11/6/2017",""
"Dennis Howard","Griffin587 Inc","Customer","","10/31/2017","11/6/2017",""
"Nicolas Weaver","Owens588 Inc","Customer","","","11/6/2017",""
"Kelly Frazier","Jackson589 Inc","Customer","","","11/6/2017",""
"Eric Gutierrez","Perez590 Inc","Customer","","","11/6/2017","MA"
"Irene Kelley","Klein591 Inc","Customer","","","11/6/2017",""
"Laura Garza","Stone592 Inc","Customer","","","11/6/2017",""
"Nicolas Weaver","Yates593 Inc","Customer","","","11/6/2017",""
"Dennis Howard","Benson594 Inc","Customer","","","11/6/2017","DE"
"Catherine Brown","Mendez595 Inc","Partner","","","11/6/2017","NM"
"Harold Campbell","Chambers596 Inc","Partner","","","11/6/2017",""
"Chris Riley","Bishop597 Inc","Customer","","","11/6/2017",""
"Evelyn Williamson","Black598 Inc","Partner","","","11/6/2017",""
"Johnny Green","Joseph599 Inc","Customer","","","11/6/2017","IL"
"Evelyn Williamson","Hopkins600 Inc","Partner","","9/21/2017","11/6/2017",""
"Dennis Howard","Rios771 Inc","Partner","","","11/6/2017",""
"John Williams","Rice189 Inc","Customer","","","11/6/2017",""
"John Williams","Diaz190 Inc","Customer","","","11/6/2017",""
"Catherine Brown","Houston191 Inc","Customer","","","11/6/2017","CA"
"Johnny Green","Lee192 Inc","Customer","","10/25/2017","11/6/2017",""
"Harold Campbell","Curtis193 Inc","Customer","","","11/6/2017","HI"
"Kelly Frazier","Jensen194 Inc","Customer","","","11/6/2017",""
"Irene Kelley","Harris195 Inc","Partner","","","11/6/2017",""
"Nicolas Weaver","Vasquez196 Inc","Customer","","","11/6/2017",""
"Irene McCoy","Webster197 Inc","Customer","","","11/6/2017",""
"Dennis Howard","Perkins198 Inc","Customer","","","11/6/2017",""
"Dennis Howard","Leonard55 Inc","Customer","","","11/6/2017",""
"Evelyn Williamson","Martin56 Inc","Partner","","","11/6/2017","NM"
"Doroth Gardner","Manning57 Inc","Customer","","","11/6/2017","ID"
"Laura Palmer","Daniel58 Inc","Customer","","","11/6/2017",""
"Kelly Frazier","Doyle59 Inc","Customer","","12/17/2017","11/6/2017",""
"Irene McCoy","Stokes60 Inc","Customer","","","11/6/2017",""
"Julie Chavez","Hines61 Inc","Customer","","","11/6/2017",""
"Dennis Howard","Gibson62 Inc","Customer","","11/11/2017","11/6/2017",""
"Irene Kelley","Rhodes63 Inc","Partner","","","11/6/2017",""
"Evelyn Williamson","Lopez64 Inc","Customer","","","11/6/2017","NE"
"Evelyn Williamson","Reed65 Inc","Customer","","","11/6/2017",""
"Laura Garza","Wells66 Inc","Customer","","","11/6/2017",""
"Nicolas Weaver","Carpenter67 Inc","Customer","","","11/6/2017","SC"
"Laura Garza","Figueroa68 Inc","Customer","","","11/6/2017",""
"Harold Campbell","Sharp69 Inc","Customer","","","11/6/2017","MO"
"Laura Garza","Harper70 Inc","Partner","","","11/6/2017",""
"Irene McCoy","Reese71 Inc","Partner","","","11/6/2017",""
"Bruce Kennedy","Leonard263 Inc","Customer","","","11/6/2017","MA"
"Irene McCoy","Hansen264 Inc","Customer","","","11/6/2017","WI"
"Chris Riley","Fields265 Inc","Partner","","","11/6/2017",""
"Irene Kelley","Beck266 Inc","Partner","","","11/6/2017","AZ"
"Bruce Kennedy","Daniels267 Inc","Partner","","","11/6/2017",""
"Bruce Kennedy","Clarke268 Inc","Customer","","10/27/2017","11/6/2017","TX"
"Catherine Brown","Anderson269 Inc","Customer","","","11/6/2017",""
"Harold Campbell","Elliott270 Inc","Partner","","","11/6/2017",""
"Eric Sanchez","Abbott358 Inc","Customer","","11/28/2017","11/6/2017","AR"
"Julie Chavez","Mills359 Inc","Customer","","","11/6/2017","GA"
"Nicolas Weaver","Roy360 Inc","Customer","","","11/6/2017",""
"Eric Sanchez","Joseph361 Inc","Partner","","","11/6/2017",""
"Irene Kelley","Richards362 Inc","Partner","","","11/6/2017",""
"Harold Campbell","Ross559 Inc","Partner","","","11/6/2017","NH"
"Irene McCoy","Russell560 Inc","Customer","","","11/6/2017",""
"Laura Garza","Watkins561 Inc","Partner","","11/6/2017","11/6/2017","AR"
"Doroth Gardner","Beck562 Inc","Customer","","","11/6/2017","MD"
"Harold Campbell","Keller563 Inc","Customer","","","11/6/2017",""
"Chris Riley","Brady564 Inc","Customer","","","11/6/2017","CA"
"Harold Campbell","Austin565 Inc","Partner","","","11/6/2017","KS"
"Eric Gutierrez","Todd566 Inc","Partner","","10/30/2017","11/6/2017",""
"John Williams","Green567 Inc","Partner","","","11/6/2017",""
"Irene McCoy","Long568 Inc","Customer","","","11/6/2017",""
"Eric Gutierrez","Horton569 Inc","Customer","","10/29/2017","11/6/2017","ID"
"Chris Riley","Mitchell570 Inc","Customer","","","11/6/2017",""
"Irene Kelley","Freeman571 Inc","Customer","","","11/6/2017","OK"
"Irene Kelley","Fox572 Inc","Partner","","11/14/2017","11/6/2017",""
"Doroth Gardner","Haynes573 Inc","Partner","","","11/6/2017",""
"Evelyn Williamson","Cain574 Inc","Partner","","","11/6/2017",""
"Julie Chavez","Grant575 Inc","Partner","","","11/6/2017","AL"
"Kelly Frazier","Bowen576 Inc","Customer","","","11/6/2017","HI"
"Eric Gutierrez","Tucker577 Inc","Customer","","","11/6/2017","CO"
"Chris Riley","Vargas578 Inc","Partner","","","11/6/2017","UT"
"Julie Chavez","Montgomery199 Inc","Customer","","","11/6/2017",""
"Nicolas Weaver","Stokes200 Inc","Partner","","","11/6/2017",""
"Eric Gutierrez","Austin201 Inc","Customer","","","11/6/2017",""
"Irene McCoy","Reeves202 Inc","Customer","","10/27/2017","11/6/2017",""
"Chris Riley","Simmons203 Inc","Customer","","","11/6/2017","NC"
"Johnny Green","Howell204 Inc","Customer","","","11/6/2017","OK"
"Julie Chavez","Sandoval205 Inc","Customer","","","11/6/2017",""
"Laura Palmer","Miller206 Inc","Partner","","","11/6/2017",""
"Laura Garza","Stone207 Inc","Customer","","","11/6/2017",""
"Eric Gutierrez","Thomas208 Inc","Customer","","10/25/2017","11/6/2017",""
"Harold Campbell","Gonzales209 Inc","Customer","","","11/6/2017",""
"Eric Sanchez","Romero210 Inc","Customer","","","11/6/2017","AZ"
"Catherine Brown","Simmons211 Inc","Customer","","10/24/2017","11/6/2017","AZ"
"Johnny Green","Cannon212 Inc","Customer","","11/1/2017","11/6/2017","VT"
"Eric Gutierrez","Barker213 Inc","Customer","","","11/6/2017",""
"John Williams","Vega214 Inc","Customer","","","11/6/2017",""
"Irene McCoy","Pittman435 Inc","Customer","","10/10/2017","11/6/2017",""
"Laura Garza","Foster410 Inc","Customer","","","11/6/2017",""
"Irene Kelley","Payne411 Inc","Customer","","","11/6/2017","VT"
"Irene Kelley","Rodriquez412 Inc","Customer","","11/22/2017","11/6/2017","IN"
"Johnny Green","Hawkins413 Inc","Partner","","","11/6/2017",""
"Harold Campbell","Stone414 Inc","Partner","","","11/6/2017",""
"Irene McCoy","Daniel415 Inc","Customer","","","11/6/2017",""
"Laura Garza","West416 Inc","Customer","","10/22/2017","11/6/2017",""
"Dennis Howard","Wells417 Inc","Customer","","","11/6/2017",""
"Eric Sanchez","Bass271 Inc","Customer","","9/25/2017","11/6/2017",""
"Nicolas Weaver","Cruz272 Inc","Customer","","","11/6/2017","MN"
"Irene McCoy","Harper273 Inc","Partner","","","11/6/2017",""
"Kelly Frazier","Adkins274 Inc","Customer","","","11/6/2017","ME"
"John Williams","Lopez275 Inc","Customer","","11/15/2017","11/6/2017",""
"Dennis Howard","Hawkins276 Inc","Customer","","10/12/2017","11/6/2017",""
"Dennis Howard","Dawson277 Inc","Customer","","","11/6/2017",""
"Johnny Green","Douglas278 Inc","Partner","","","11/6/2017",""
"Chris Riley","Harrison279 Inc","Partner","","10/22/2017","11/6/2017",""
"Johnny Green","George280 Inc","Customer","","","11/6/2017","NY"
"Dennis Howard","Evans281 Inc","Customer","","","11/6/2017",""
"Irene Kelley","Munoz282 Inc","Customer","","12/8/2017","11/6/2017",""
"Evelyn Williamson","Lucas283 Inc","Partner","","","11/6/2017","WI"
"Julie Chavez","Tucker284 Inc","Customer","","","11/6/2017",""
"Kelly Frazier","Miles285 Inc","Partner","","","11/6/2017","CT"
"Irene McCoy","Ellis286 Inc","Partner","","","11/6/2017",""
"Laura Garza","Vasquez483 Inc","Customer","","","11/6/2017","MI"
"Julie Chavez","Norman484 Inc","Partner","","","11/6/2017",""
"Irene Kelley","Newman485 Inc","Partner","","","11/6/2017","UT"
"Evelyn Williamson","Young486 Inc","Customer","","11/21/2017","11/6/2017","OH"
"Irene Kelley","Underwood487 Inc","Customer","","","11/6/2017","IA"
"Laura Garza","Becker488 Inc","Customer","","","11/6/2017",""
"Bruce Kennedy","Moss489 Inc","Customer","","","11/6/2017",""
"Irene McCoy","Reese490 Inc","Customer","","","11/6/2017",""
"Nicolas Weaver","Lawrence491 Inc","Customer","","10/16/2017","11/6/2017","OK"
"Doroth Gardner","Hernandez579 Inc","Partner","","","11/6/2017","HI"
"Doroth Gardner","Griffith580 Inc","Partner","","","11/6/2017","TX"
"Catherine Brown","Ford745 Inc","Customer","","","11/6/2017","WA"
"Irene McCoy","Greer746 Inc","Partner","","11/2/2017","11/6/2017","NM"
"Catherine Brown","Douglas747 Inc","Customer","","","11/6/2017",""
"Harold Campbell","Mendoza748 Inc","Partner","","","11/6/2017",""
"Johnny Green","Hall749 Inc","Customer","","","11/6/2017",""
"Irene McCoy","Payne750 Inc","Partner","","","11/6/2017","MO"
"Eric Gutierrez","Freeman751 Inc","Customer","","","11/6/2017",""
"Evelyn Williamson","Rivera752 Inc","Customer","","","11/6/2017","GA"
"Dennis Howard","Chambers753 Inc","Partner","","","11/6/2017",""
"Doroth Gardner","Gill754 Inc","Partner","","","11/6/2017",""
"Chris Riley","Becker755 Inc","Partner","","10/23/2017","11/6/2017",""
"Doroth Gardner","Harper756 Inc","Customer","","","11/6/2017","SD"
"Johnny Green","Ramirez757 Inc","Partner","","","11/6/2017",""
"Chris Riley","Hall758 Inc","Customer","","","11/6/2017","NJ"
"Eric Sanchez","Reynolds759 Inc","Customer","","","11/6/2017","AL"
"Harold Campbell","Hogan760 Inc","Partner","","","11/6/2017",""
"Harold Campbell","Hoffman761 Inc","Customer","","10/14/2017","11/6/2017",""
"Chris Riley","Fleming762 Inc","Customer","","11/9/2017","11/6/2017","RI"
"Dennis Howard","Brewer763 Inc","Customer","","12/9/2017","11/6/2017",""
"Eric Sanchez","Sharp764 Inc","Customer","","","11/6/2017","MS"
"Eric Gutierrez","Myers765 Inc","Customer","","","11/6/2017","MA"
"Catherine Brown","Greer766 Inc","Customer","","","11/6/2017","UT"
"Evelyn Williamson","Casey767 Inc","Customer","","","11/6/2017",""
"Johnny Green","Tyler418 Inc","Partner","","","11/6/2017","PA"
"Bruce Kennedy","Joseph419 Inc","Customer","","","11/6/2017","CA"
"Chris Riley","Curry420 Inc","Customer","","","11/6/2017",""
"Doroth Gardner","Wagner421 Inc","Customer","","","11/6/2017","MO"
"Doroth Gardner","Rodriguez422 Inc","Customer","","10/30/2017","11/6/2017","SC"
"Julie Chavez","Wells423 Inc","Customer","","","11/6/2017","NV"
"Laura Garza","Larson424 Inc","Customer","","","11/6/2017","UT"
"Laura Garza","Davis425 Inc","Customer","","","11/6/2017","WY"
"Irene McCoy","Abbott426 Inc","Partner","","","11/6/2017",""
"Eric Sanchez","Garza427 Inc","Partner","","","11/6/2017",""
"Harold Campbell","Sparks428 Inc","Customer","","","11/6/2017",""
"Irene McCoy","Fletcher429 Inc","Customer","","10/20/2017","11/6/2017",""
"Eric Sanchez","Morris430 Inc","Partner","","","11/6/2017","ND"
"Evelyn Williamson","James431 Inc","Customer","","12/6/2017","11/6/2017",""
"Doroth Gardner","Newman432 Inc","Customer","","","11/6/2017","NM"
"Chris Riley","Duncan433 Inc","Customer","","10/6/2017","11/6/2017","MI"
"Eric Gutierrez","Edwards434 Inc","Partner","","","11/6/2017","IN"
"Laura Garza","Roberson601 Inc","Partner","","10/12/2017","11/6/2017",""
"Eric Gutierrez","McCarthy602 Inc","Partner","","","11/6/2017",""
"Evelyn Williamson","Chavez603 Inc","Partner","","","11/6/2017",""
"Chris Riley","Reed604 Inc","Customer","","","11/6/2017",""
"Nicolas Weaver","Lopez605 Inc","Customer","","","11/6/2017","AL"
"Julie Chavez","Davidson606 Inc","Customer","","11/8/2017","11/6/2017",""
"Catherine Brown","Hayes607 Inc","Customer","","","11/6/2017",""
"Johnny Green","Rodriguez608 Inc","Partner","","","11/6/2017","FL"
"Evelyn Williamson","Schwartz492 Inc","Customer","","","11/6/2017",""
"Harold Campbell","Saunders493 Inc","Customer","","","11/6/2017",""
"Laura Garza","Higgins494 Inc","Customer","","","11/6/2017",""
"Laura Garza","Brown495 Inc","Customer","","9/21/2017","11/6/2017","MD"
"John Williams","Lowe496 Inc","Partner","","11/8/2017","11/6/2017",""
"Irene McCoy","Medina497 Inc","Customer","","","11/6/2017",""
"Irene Kelley","Doyle498 Inc","Partner","","","11/6/2017",""
"Bruce Kennedy","Gardner499 Inc","Partner","","","11/6/2017","VA"
"Kelly Frazier","Howard500 Inc","Partner","","","11/6/2017",""
"John Williams","Gill501 Inc","Customer","","","11/6/2017","PA"
"Julie Chavez","Thornton502 Inc","Customer","","","11/6/2017",""
"Bruce Kennedy","Fitzgerald503 Inc","Customer","","10/10/2017","11/6/2017","FL"
"Harold Campbell","Stone504 Inc","Partner","","","11/6/2017","MA"
"Doroth Gardner","Leonard505 Inc","Customer","","","11/6/2017",""
"Laura Garza","Hudson506 Inc","Customer","","","11/6/2017","OH"
"Eric Gutierrez","Wright507 Inc","Customer","","11/6/2017","11/6/2017",""
"Dennis Howard","Rose673 Inc","Partner","","","11/6/2017",""
"Bruce Kennedy","Evans674 Inc","Customer","","9/27/2017","11/6/2017",""
"Johnny Green","Powers675 Inc","Customer","","","11/6/2017",""
"John Williams","Gray676 Inc","Customer","","9/28/2017","11/6/2017",""
"Chris Riley","Aguilar677 Inc","Customer","","","11/6/2017",""
"Evelyn Williamson","Curtis678 Inc","Customer","","11/6/2017","11/6/2017","MO"
"Irene Kelley","Johnson679 Inc","Customer","","","11/6/2017","SD"
"Laura Palmer","Hunt680 Inc","Customer","","","11/6/2017","WY"
"Laura Garza","Lewis681 Inc","Customer","","","11/6/2017","CA"
"Nicolas Weaver","Rodriguez768 Inc","Customer","","","11/6/2017",""
"Dennis Howard","Wilkerson769 Inc","Customer","","","11/6/2017",""
"John Williams","Cooper770 Inc","Partner","","","11/6/2017",""
"Catherine Brown","Lawson921 Inc","Customer","","","11/6/2017",""
"Nicolas Weaver","Bennett922 Inc","Customer","","","11/6/2017",""
"Julie Chavez","Pierce923 Inc","Partner","","","11/6/2017",""
"Doroth Gardner","Turner924 Inc","Customer","","11/4/2017","11/6/2017",""
"Harold Campbell","Graves925 Inc","Customer","","10/22/2017","11/6/2017",""
"Harold Campbell","Bryan926 Inc","Customer","","11/4/2017","11/6/2017",""
"Dennis Howard","Blair927 Inc","Customer","","","11/6/2017",""
"Laura Palmer","Collins928 Inc","Customer","","","11/6/2017",""
"John Williams","Harrison929 Inc","Customer","","","11/6/2017",""
"Kelly Frazier","Harris930 Inc","Customer","","","11/6/2017",""
"Eric Sanchez","McCarthy931 Inc","Partner","","","11/6/2017","MT"
"Doroth Gardner","Patterson932 Inc","Customer","","","11/6/2017","LA"
"Eric Sanchez","Hopkins933 Inc","Customer","","","11/6/2017",""
"Bruce Kennedy","Brewer934 Inc","Customer","","11/12/2017","11/6/2017",""
"Eric Sanchez","Stokes935 Inc","Customer","","","11/6/2017",""
"Laura Garza","Mendoza936 Inc","Customer","","10/29/2017","11/6/2017",""
"Eric Gutierrez","Glover937 Inc","Customer","","","11/6/2017","AZ"
"John Williams","Bowen938 Inc","Customer","","","11/6/2017","CT"
"Eric Gutierrez","Watkins939 Inc","Customer","","","11/6/2017",""
"Laura Garza","Bowman940 Inc","Customer","","11/3/2017","11/6/2017",""
"Laura Garza","Brewer941 Inc","Partner","","11/25/2017","11/6/2017",""
"Laura Palmer","Bailey942 Inc","Customer","","","11/6/2017","IA"
"Kelly Frazier","Buchanan609 Inc","Partner","","12/6/2017","11/6/2017","AZ"
"Evelyn Williamson","Potter610 Inc","Customer","","","11/6/2017","NH"
"Bruce Kennedy","Lamb611 Inc","Partner","","","11/6/2017",""
"Laura Palmer","Day612 Inc","Customer","","","11/6/2017","AR"
"Dennis Howard","Moody613 Inc","Customer","","","11/6/2017",""
"Nicolas Weaver","Marsh614 Inc","Partner","","11/19/2017","11/6/2017",""
"Harold Campbell","Lee615 Inc","Customer","","","11/6/2017",""
"John Williams","Ingram616 Inc","Customer","","","11/6/2017","NH"
"John Williams","Roy617 Inc","Customer","","","11/6/2017","TX"
"Dennis Howard","Buchanan618 Inc","Customer","","","11/6/2017",""
"Bruce Kennedy","Maxwell619 Inc","Customer","","11/30/2017","11/6/2017","MO"
"John Williams","Castillo620 Inc","Partner","","","11/6/2017","ME"
"John Williams","Lopez621 Inc","Customer","","10/21/2017","11/6/2017",""
"Julie Chavez","Thompson622 Inc","Customer","","10/9/2017","11/6/2017",""
"Dennis Howard","Haynes623 Inc","Partner","","","11/6/2017",""
"Laura Palmer","Quinn624 Inc","Partner","","","11/6/2017",""
"Irene Kelley","Lawrence772 Inc","Customer","","","11/6/2017",""
"Eric Sanchez","Duncan773 Inc","Customer","","","11/6/2017",""
"Bruce Kennedy","Gilbert774 Inc","Partner","","","11/6/2017","MO"
"Doroth Gardner","Joseph775 Inc","Partner","","","11/6/2017","AZ"
"Johnny Green","Bridges776 Inc","Customer","","","11/6/2017","WA"
"Eric Gutierrez","Figueroa777 Inc","Partner","","","11/6/2017","CT"
"Chris Riley","Santiago778 Inc","Partner","","","11/6/2017",""
"Dennis Howard","Richardson779 Inc","Partner","","","11/6/2017","NV"
"Laura Garza","Hamilton780 Inc","Partner","","","11/6/2017",""
"Doroth Gardner","Ortega682 Inc","Partner","","10/27/2017","11/6/2017",""
"Catherine Brown","Hanson683 Inc","Customer","","10/4/2017","11/6/2017","AR"
"Bruce Kennedy","Ryan684 Inc","Partner","","","11/6/2017",""
"Laura Palmer","Watts685 Inc","Customer","","10/1/2017","11/6/2017","LA"
"Evelyn Williamson","Strickland686 Inc","Customer","","11/2/2017","11/6/2017",""
"Evelyn Williamson","Reese687 Inc","Customer","","","11/6/2017","TX"
"Doroth Gardner","Goodman688 Inc","Customer","","","11/6/2017",""
"John Williams","Benson689 Inc","Customer","","11/26/2017","11/6/2017",""
"Irene Kelley","Todd690 Inc","Customer","","","11/6/2017","OH"
"Doroth Gardner","Olson691 Inc","Customer","","","11/6/2017","MN"
"Bruce Kennedy","Haynes692 Inc","Partner","","","11/6/2017",""
"Eric Gutierrez","Schneider843 Inc","Partner","","","11/6/2017","ID"
"Laura Garza","Reeves844 Inc","Customer","","","11/6/2017",""
"Laura Garza","Lloyd845 Inc","Customer","","11/19/2017","11/6/2017",""
"Evelyn Williamson","Beck846 Inc","Customer","","","11/6/2017",""
"Irene McCoy","Martin847 Inc","Partner","","","11/6/2017",""
"Catherine Brown","Simmons848 Inc","Partner","","","11/6/2017",""
"Eric Gutierrez","Patterson849 Inc","Partner","","","11/6/2017",""
"Chris Riley","Bryan850 Inc","Customer","","","11/6/2017",""
"Laura Palmer","Walters851 Inc","Partner","","","11/6/2017","VT"
"John Williams","Riley852 Inc","Partner","","","11/6/2017",""
"Doroth Gardner","Jefferson853 Inc","Customer","","","11/6/2017",""
"Dennis Howard","Richardson854 Inc","Partner","","","11/6/2017",""
"Chris Riley","Hodges855 Inc","Customer","","","11/6/2017",""
"Nicolas Weaver","Goodwin856 Inc","Partner","","","11/6/2017","NH"
"Johnny Green","Lynch943 Inc","Customer","","11/25/2017","11/6/2017",""
"Kelly Frazier","Holloway944 Inc","Customer","","","11/6/2017",""
"Eric Sanchez","Holmes945 Inc","Customer","","9/19/2017","11/6/2017",""
"John Williams","Santiago946 Inc","Customer","","","11/6/2017",""
"Santosh Chitalkar","Acme","Partner","","","11/6/2017","NY"
"Santosh Chitalkar","Global Media","Customer","","","11/6/2017","Ontario"


"Account_data"
"Copyright (c) 2000-2018 salesforce.com, inc. All rights reserved."
"Confidential Information - Do Not Distribute"
"Generated By:  Santosh Chitalkar  1/13/2018 10:03 PM"
"PinakinTechnologies"
